{
    "1": {"x": -0.57735, "y": -0.57735, "z": 0.57735 - 1}, 
"2": {"x": 0.934172, "y": 0.356822, "z": 0 - 1},  
"3": {"x": 0.934172, "y": -0.356822, "z": 0 - 1}, 
"4": {"x": -0.934172, "y": 0.356822, "z": 0 - 1}, 
"5": {"x": -0.934172, "y": -0.356822, "z": 0 - 1}, 
"6": {"x": 0, "y": 0.934172, "z": 0.356822 - 1}, 
"7": {"x": 0, "y": 0.934172, "z": -0.356822 - 1}, 
"8": {"x": 0.356822, "y": 0, "z": -0.934172 - 1}, 
"9": {"x": -0.356822, "y": 0, "z": -0.934172 - 1}, 
"10": {"x": 0, "y": -0.934172, "z": -0.356822 - 1}, 
"11": {"x": 0, "y": -0.934172, "z": 0.356822 - 1}, 
"12": {"x": 0.356822, "y": 0, "z": 0.934172 - 1}, 
"13": {"x": -0.356822, "y": 0, "z": 0.934172 - 1}, 
"14": {"x": 0.57735, "y": 0.57735, "z": -0.57735 - 1}, 
"15": {"x": 0.57735, "y": 0.57735, "z": 0.57735 - 1}, 
"16": {"x": -0.57735, "y": 0.57735, "z": -0.57735 - 1}, 
"17": {"x": -0.57735, "y": 0.57735, "z": 0.57735 - 1}, 
"18": {"x": 0.57735, "y": -0.57735, "z": -0.57735 - 1}, 
"19": {"x": 0.57735, "y": -0.57735, "z": 0.57735 - 1}, 
"20": {"x": -0.57735, "y": -0.57735, "z": -0.57735 - 1}
}
